Date_Time,Event,Sample,Type,Rep,Chlorophyta,Cyanobacteria,Bacillariophyta,Cryptophyta,YellowSubst
6/29/2021 19:47,Late_June,Initial_Collection,WHOLE,1,4.03,0,6.23,0.45,0
6/29/2021 19:47,Late_June,Initial_Collection,WHOLE,1,4.11,0,6.21,0.44,0
6/29/2021 19:47,Late_June,Initial_Collection,WHOLE,1,4.17,0,6.26,0.48,0
6/29/2021 19:47,Late_June,Initial_Collection,WHOLE,1,4.23,0,6.33,0.51,0
6/29/2021 19:47,Late_June,Initial_Collection,WHOLE,1,4.27,0,6.49,0.49,0
6/29/2021 19:47,Late_June,Initial_Collection,WHOLE,1,4.43,0.01,6.52,0.53,0
6/29/2021 19:47,Late_June,Initial_Collection,WHOLE,1,4.24,0.08,6.89,0.43,0
6/29/2021 19:47,Late_June,Initial_Collection,WHOLE,1,4.17,0.01,6.73,0.63,0
6/29/2021 19:47,Late_June,Initial_Collection,WHOLE,1,4.45,0,6.58,0.69,0
6/29/2021 19:47,Late_June,Initial_Collection,WHOLE,1,4.63,0,6.61,0.66,0
6/29/2021 19:47,Late_June,Initial_Collection,WHOLE,1,4.75,0,6.65,0.64,0
6/29/2021 19:47,Late_June,Initial_Collection,WHOLE,1,4.64,0,6.86,0.61,0
6/29/2021 19:47,Late_June,Initial_Collection,WHOLE,1,4.8,0,7,0.56,0
6/29/2021 19:47,Late_June,Initial_Collection,WHOLE,1,4.75,0,7.1,0.56,0
6/29/2021 19:47,Late_June,Initial_Collection,WHOLE,1,5.11,0,7.09,0.47,0
6/29/2021 19:47,Late_June,Initial_Collection,WHOLE,1,5.28,0,7.04,0.43,0
6/29/2021 19:47,Late_June,Initial_Collection,WHOLE,1,5.47,0,7,0.39,0
6/29/2021 19:47,Late_June,Initial_Collection,WHOLE,1,5.72,0,6.81,0.42,0
6/29/2021 19:47,Late_June,Initial_Collection,WHOLE,1,5.66,0.03,6.72,0.43,0
6/29/2021 19:47,Late_June,Initial_Collection,WHOLE,1,5.6,0.13,6.83,0.3,0
6/29/2021 19:47,Late_June,Initial_Collection,WHOLE,1,5.21,0.24,7.16,0.16,0
6/29/2021 19:48,Late_June,Initial_Collection,WHOLE,1,5.31,0.31,7.23,0.04,0
6/29/2021 19:48,Late_June,Initial_Collection,WHOLE,1,5.08,0.3,7.23,0.13,0
6/29/2021 19:48,Late_June,Initial_Collection,WHOLE,1,5.21,0.27,7.03,0.21,0
6/29/2021 19:48,Late_June,Initial_Collection,WHOLE,1,5.19,0.23,6.83,0.34,0
6/29/2021 19:48,Late_June,Initial_Collection,WHOLE,1,5.29,0.18,6.75,0.35,0
6/29/2021 19:48,Late_June,Initial_Collection,WHOLE,1,5.78,0.04,6.47,0.52,0
6/29/2021 19:48,Late_June,Initial_Collection,WHOLE,1,5.73,0,6.61,0.48,0
6/29/2021 19:48,Late_June,Initial_Collection,WHOLE,1,5.54,0,6.76,0.48,0
6/29/2021 19:48,Late_June,Initial_Collection,WHOLE,1,5.41,0,6.95,0.42,0
6/29/2021 19:48,Late_June,Initial_Collection,WHOLE,1,5.3,0,6.95,0.45,0
6/29/2021 19:48,Late_June,Initial_Collection,WHOLE,1,5.25,0,6.88,0.5,0
6/29/2021 19:48,Late_June,Initial_Collection,WHOLE,1,5.3,0,6.76,0.55,0
6/29/2021 19:48,Late_June,Initial_Collection,WHOLE,1,5.09,0,6.57,0.7,0
6/29/2021 19:48,Late_June,Initial_Collection,WHOLE,1,5.25,0.04,6.43,0.66,0
6/29/2021 19:48,Late_June,Initial_Collection,WHOLE,1,5.43,0,6.22,0.75,0
6/29/2021 19:48,Late_June,Initial_Collection,WHOLE,1,5.49,0,6.24,0.71,0
6/29/2021 19:48,Late_June,Initial_Collection,WHOLE,1,5.54,0,6.4,0.61,0
6/29/2021 19:50,Late_June,Initial_Collection,WHOLE,2,3.93,0,6.29,0.72,0
6/29/2021 19:50,Late_June,Initial_Collection,WHOLE,2,4.41,0,6.19,0.62,0
6/29/2021 19:50,Late_June,Initial_Collection,WHOLE,2,4.55,0,6.08,0.65,0
6/29/2021 19:50,Late_June,Initial_Collection,WHOLE,2,4.48,0,5.89,0.77,0
6/29/2021 19:50,Late_June,Initial_Collection,WHOLE,2,4.45,0,6.01,0.8,0
6/29/2021 19:50,Late_June,Initial_Collection,WHOLE,2,4.48,0,6.18,0.75,0
6/29/2021 19:50,Late_June,Initial_Collection,WHOLE,2,4.5,0,6.35,0.72,0
6/29/2021 19:50,Late_June,Initial_Collection,WHOLE,2,4.29,0,6.51,0.75,0
6/29/2021 19:50,Late_June,Initial_Collection,WHOLE,2,4.32,0,6.43,0.75,0
6/29/2021 19:50,Late_June,Initial_Collection,WHOLE,2,4.35,0,6.58,0.7,0
6/29/2021 19:50,Late_June,Initial_Collection,WHOLE,2,4.18,0,6.48,0.8,0
6/29/2021 19:50,Late_June,Initial_Collection,WHOLE,2,4.19,0,6.39,0.8,0
6/29/2021 19:50,Late_June,Initial_Collection,WHOLE,2,4.13,0,6.35,0.9,0
6/29/2021 19:50,Late_June,Initial_Collection,WHOLE,2,4.18,0,6.33,0.96,0
6/29/2021 19:50,Late_June,Initial_Collection,WHOLE,2,4.37,0.01,6.24,0.99,0
6/29/2021 19:50,Late_June,Initial_Collection,WHOLE,2,4.36,0.14,6.56,0.76,0
6/29/2021 19:50,Late_June,Initial_Collection,WHOLE,2,4.29,0.17,6.7,0.77,0
6/29/2021 19:51,Late_June,Initial_Collection,WHOLE,2,4.39,0.12,6.57,0.9,0
6/29/2021 19:51,Late_June,Initial_Collection,WHOLE,2,4.47,0.09,6.58,0.95,0
6/29/2021 19:51,Late_June,Initial_Collection,WHOLE,2,4.48,0.01,6.62,1.07,0
6/29/2021 19:51,Late_June,Initial_Collection,WHOLE,2,4.48,0,6.7,1.02,0
6/29/2021 19:51,Late_June,Initial_Collection,WHOLE,2,4.28,0,6.78,1.04,0
6/29/2021 19:51,Late_June,Initial_Collection,WHOLE,2,4.14,0,6.88,1.02,0
6/29/2021 19:51,Late_June,Initial_Collection,WHOLE,2,4.19,0,6.82,0.99,0
6/29/2021 19:51,Late_June,Initial_Collection,WHOLE,2,4.66,0,6.73,0.88,0
6/29/2021 19:51,Late_June,Initial_Collection,WHOLE,2,4.88,0,6.65,0.84,0
6/29/2021 19:51,Late_June,Initial_Collection,WHOLE,2,5.02,0,6.63,0.8,0
6/29/2021 19:51,Late_June,Initial_Collection,WHOLE,2,5.13,0,6.6,0.76,0
6/29/2021 19:51,Late_June,Initial_Collection,WHOLE,2,5.02,0,6.65,0.77,0
6/29/2021 19:51,Late_June,Initial_Collection,WHOLE,2,5.01,0,6.58,0.78,0
6/29/2021 19:51,Late_June,Initial_Collection,WHOLE,2,5.06,0,6.35,0.87,0
6/29/2021 19:51,Late_June,Initial_Collection,WHOLE,2,4.89,0,6.27,0.94,0
6/29/2021 19:51,Late_June,Initial_Collection,WHOLE,2,5.01,0,6.13,0.98,0
6/29/2021 19:51,Late_June,Initial_Collection,WHOLE,2,4.93,0,6.15,1.02,0
6/29/2021 19:51,Late_June,Initial_Collection,WHOLE,2,4.93,0,6.09,1.04,0
6/29/2021 19:51,Late_June,Initial_Collection,WHOLE,2,4.88,0,6.13,1.03,0
6/29/2021 19:51,Late_June,Initial_Collection,WHOLE,2,4.99,0,6.11,0.97,0
6/29/2021 19:51,Late_June,Initial_Collection,WHOLE,2,4.97,0,6.1,0.96,0
6/29/2021 19:54,Late_June,Initial_Collection,SIEVED_200um,1,5.42,0,5.53,0.64,0
6/29/2021 19:54,Late_June,Initial_Collection,SIEVED_200um,1,5.46,0.01,5.65,0.52,0
6/29/2021 19:54,Late_June,Initial_Collection,SIEVED_200um,1,5.43,0,5.67,0.53,0
6/29/2021 19:54,Late_June,Initial_Collection,SIEVED_200um,1,5.45,0,5.68,0.54,0
6/29/2021 19:55,Late_June,Initial_Collection,SIEVED_200um,1,5.55,0,5.69,0.49,0
6/29/2021 19:55,Late_June,Initial_Collection,SIEVED_200um,1,5.56,0,5.71,0.45,0
6/29/2021 19:55,Late_June,Initial_Collection,SIEVED_200um,1,5.56,0,5.69,0.42,0
6/29/2021 19:55,Late_June,Initial_Collection,SIEVED_200um,1,5.63,0,5.68,0.41,0
6/29/2021 19:55,Late_June,Initial_Collection,SIEVED_200um,1,5.68,0,5.65,0.43,0
6/29/2021 19:55,Late_June,Initial_Collection,SIEVED_200um,1,5.61,0,5.64,0.42,0
6/29/2021 19:55,Late_June,Initial_Collection,SIEVED_200um,1,5.62,0,5.7,0.39,0
6/29/2021 19:55,Late_June,Initial_Collection,SIEVED_200um,1,5.62,0,5.61,0.45,0
6/29/2021 19:55,Late_June,Initial_Collection,SIEVED_200um,1,5.69,0,5.56,0.45,0
6/29/2021 19:55,Late_June,Initial_Collection,SIEVED_200um,1,5.63,0,5.56,0.47,0
6/29/2021 19:55,Late_June,Initial_Collection,SIEVED_200um,1,5.57,0.04,5.67,0.4,0
6/29/2021 19:55,Late_June,Initial_Collection,SIEVED_200um,1,5.38,0.09,5.79,0.37,0
6/29/2021 19:55,Late_June,Initial_Collection,SIEVED_200um,1,5.37,0.11,5.86,0.33,0
6/29/2021 19:55,Late_June,Initial_Collection,SIEVED_200um,1,5.39,0.08,5.84,0.35,0
6/29/2021 19:55,Late_June,Initial_Collection,SIEVED_200um,1,5.46,0.1,5.87,0.26,0
6/29/2021 19:55,Late_June,Initial_Collection,SIEVED_200um,1,5.5,0.04,5.8,0.36,0
6/29/2021 19:55,Late_June,Initial_Collection,SIEVED_200um,1,5.59,0.07,5.82,0.29,0
6/29/2021 19:55,Late_June,Initial_Collection,SIEVED_200um,1,5.49,0.01,5.67,0.44,0
6/29/2021 19:55,Late_June,Initial_Collection,SIEVED_200um,1,5.48,0.01,5.7,0.4,0
6/29/2021 19:55,Late_June,Initial_Collection,SIEVED_200um,1,5.5,0.01,5.64,0.43,0
6/29/2021 19:55,Late_June,Initial_Collection,SIEVED_200um,1,5.54,0,5.52,0.48,0
6/29/2021 19:55,Late_June,Initial_Collection,SIEVED_200um,1,5.43,0,5.47,0.53,0
6/29/2021 19:55,Late_June,Initial_Collection,SIEVED_200um,1,5.44,0,5.48,0.52,0
6/29/2021 19:55,Late_June,Initial_Collection,SIEVED_200um,1,5.48,0.06,5.55,0.43,0
6/29/2021 19:55,Late_June,Initial_Collection,SIEVED_200um,1,5.39,0.04,5.47,0.49,0
6/29/2021 19:55,Late_June,Initial_Collection,SIEVED_200um,1,5.38,0.02,5.43,0.49,0
6/29/2021 19:56,Late_June,Initial_Collection,SIEVED_200um,1,5.23,0,5.44,0.52,0
6/29/2021 19:56,Late_June,Initial_Collection,SIEVED_200um,1,5.28,0,5.48,0.44,0
6/29/2021 19:56,Late_June,Initial_Collection,SIEVED_200um,1,5.36,0,5.45,0.4,0
6/29/2021 19:56,Late_June,Initial_Collection,SIEVED_200um,1,5.33,0,5.39,0.45,0
6/29/2021 19:56,Late_June,Initial_Collection,SIEVED_200um,1,5.31,0,5.44,0.42,0
6/29/2021 19:56,Late_June,Initial_Collection,SIEVED_200um,1,5.2,0,5.45,0.42,0
6/29/2021 19:56,Late_June,Initial_Collection,SIEVED_200um,1,5.13,0,5.44,0.44,0
6/29/2021 19:56,Late_June,Initial_Collection,SIEVED_200um,1,5.08,0,5.45,0.42,0
6/29/2021 19:56,Late_June,Initial_Collection,SIEVED_200um,1,5.13,0,5.43,0.45,0
6/29/2021 19:58,Late_June,Initial_Collection,SIEVED_200um,2,5.2,0,5.96,0.21,0
6/29/2021 19:58,Late_June,Initial_Collection,SIEVED_200um,2,5.09,0,5.96,0.25,0
6/29/2021 19:58,Late_June,Initial_Collection,SIEVED_200um,2,5.01,0,5.94,0.29,0
6/29/2021 19:58,Late_June,Initial_Collection,SIEVED_200um,2,5.05,0,5.89,0.31,0
6/29/2021 19:58,Late_June,Initial_Collection,SIEVED_200um,2,5.21,0,5.77,0.33,0
6/29/2021 19:58,Late_June,Initial_Collection,SIEVED_200um,2,5.22,0,5.76,0.33,0
6/29/2021 19:58,Late_June,Initial_Collection,SIEVED_200um,2,5.19,0,5.77,0.34,0
6/29/2021 19:58,Late_June,Initial_Collection,SIEVED_200um,2,5.3,0,5.79,0.29,0
6/29/2021 19:58,Late_June,Initial_Collection,SIEVED_200um,2,5.37,0,5.81,0.26,0
6/29/2021 19:58,Late_June,Initial_Collection,SIEVED_200um,2,5.25,0,5.86,0.24,0
6/29/2021 19:58,Late_June,Initial_Collection,SIEVED_200um,2,5.19,0,5.84,0.29,0
6/29/2021 19:58,Late_June,Initial_Collection,SIEVED_200um,2,5.21,0,5.82,0.29,0
6/29/2021 19:58,Late_June,Initial_Collection,SIEVED_200um,2,5.21,0,5.82,0.29,0
6/29/2021 19:58,Late_June,Initial_Collection,SIEVED_200um,2,5.17,0,5.77,0.32,0
6/29/2021 19:58,Late_June,Initial_Collection,SIEVED_200um,2,5.18,0,5.77,0.33,0
6/29/2021 19:58,Late_June,Initial_Collection,SIEVED_200um,2,5.25,0,5.71,0.34,0
6/29/2021 19:58,Late_June,Initial_Collection,SIEVED_200um,2,5.16,0,5.73,0.39,0
6/29/2021 19:58,Late_June,Initial_Collection,SIEVED_200um,2,5.28,0,5.67,0.4,0
6/29/2021 19:58,Late_June,Initial_Collection,SIEVED_200um,2,5.25,0,5.67,0.41,0
6/29/2021 19:58,Late_June,Initial_Collection,SIEVED_200um,2,5.26,0.03,5.77,0.35,0
6/29/2021 19:58,Late_June,Initial_Collection,SIEVED_200um,2,5.26,0,5.8,0.39,0
6/29/2021 19:59,Late_June,Initial_Collection,SIEVED_200um,2,5.51,0,5.64,0.4,0
6/29/2021 19:59,Late_June,Initial_Collection,SIEVED_200um,2,5.46,0,5.67,0.4,0
6/29/2021 19:59,Late_June,Initial_Collection,SIEVED_200um,2,5.5,0,5.67,0.41,0
6/29/2021 19:59,Late_June,Initial_Collection,SIEVED_200um,2,5.51,0.02,5.66,0.39,0
6/29/2021 19:59,Late_June,Initial_Collection,SIEVED_200um,2,5.41,0.03,5.7,0.42,0
6/29/2021 19:59,Late_June,Initial_Collection,SIEVED_200um,2,5.32,0.1,5.8,0.33,0
6/29/2021 19:59,Late_June,Initial_Collection,SIEVED_200um,2,5.36,0.14,5.83,0.29,0
6/29/2021 19:59,Late_June,Initial_Collection,SIEVED_200um,2,5.33,0.16,5.93,0.26,0
6/29/2021 19:59,Late_June,Initial_Collection,SIEVED_200um,2,5.4,0.19,5.95,0.22,0
6/29/2021 19:59,Late_June,Initial_Collection,SIEVED_200um,2,5.51,0.15,5.89,0.3,0
6/29/2021 19:59,Late_June,Initial_Collection,SIEVED_200um,2,5.43,0.15,5.87,0.36,0
6/29/2021 19:59,Late_June,Initial_Collection,SIEVED_200um,2,5.51,0.15,5.91,0.36,0
6/29/2021 19:59,Late_June,Initial_Collection,SIEVED_200um,2,5.46,0.21,6.04,0.28,0
6/29/2021 19:59,Late_June,Initial_Collection,SIEVED_200um,2,5.51,0.3,6.19,0.13,0
6/29/2021 19:59,Late_June,Initial_Collection,SIEVED_200um,2,5.52,0.37,6.28,0.05,0
6/29/2021 19:59,Late_June,Initial_Collection,SIEVED_200um,2,5.46,0.31,6.24,0.13,0
6/29/2021 19:59,Late_June,Initial_Collection,SIEVED_200um,2,5.46,0.26,6.14,0.19,0
6/29/2021 19:59,Late_June,Initial_Collection,SIEVED_200um,2,5.44,0.23,6.14,0.18,0
10/4/2021 17:43,Late_September,Initial_Collection,WHOLE,1,2.1,7.58,1.28,4.92,1.38
10/4/2021 17:43,Late_September,Initial_Collection,WHOLE,1,2.02,6.97,0.73,5.62,1.41
10/4/2021 17:43,Late_September,Initial_Collection,WHOLE,1,2.05,6.57,0.48,5.97,1.41
10/4/2021 17:43,Late_September,Initial_Collection,WHOLE,1,1.98,6.99,1.35,5.21,1.36
10/4/2021 17:43,Late_September,Initial_Collection,WHOLE,1,1.84,7.29,1.78,4.91,1.36
10/4/2021 17:44,Late_September,Initial_Collection,WHOLE,1,1.86,7.29,1.97,4.8,1.37
10/4/2021 17:44,Late_September,Initial_Collection,WHOLE,1,1.77,7.25,2.09,4.84,1.4
10/4/2021 17:44,Late_September,Initial_Collection,WHOLE,1,1.8,7.06,1.72,5.23,1.46
10/4/2021 17:44,Late_September,Initial_Collection,WHOLE,1,1.83,6.99,1.42,5.58,1.49
10/4/2021 17:44,Late_September,Initial_Collection,WHOLE,1,1.64,7.23,1.87,5.3,1.48
10/4/2021 17:44,Late_September,Initial_Collection,WHOLE,1,1.97,7.28,1.86,5.27,1.43
10/4/2021 17:44,Late_September,Initial_Collection,WHOLE,1,2.21,7.39,1.89,5.15,1.4
10/4/2021 17:44,Late_September,Initial_Collection,WHOLE,1,2.35,7.5,2.01,5.05,1.37
10/4/2021 17:44,Late_September,Initial_Collection,WHOLE,1,2.37,7.71,2.17,4.93,1.35
10/4/2021 17:44,Late_September,Initial_Collection,WHOLE,1,2.45,7.95,2.4,4.64,1.33
10/4/2021 17:44,Late_September,Initial_Collection,WHOLE,1,2.41,7.88,2.41,4.74,1.32
10/4/2021 17:44,Late_September,Initial_Collection,WHOLE,1,2.39,7.66,1.91,5.23,1.38
10/4/2021 17:44,Late_September,Initial_Collection,WHOLE,1,2.37,7.54,1.78,5.34,1.39
10/4/2021 17:44,Late_September,Initial_Collection,WHOLE,1,2.35,7.52,1.68,5.46,1.4
10/4/2021 17:44,Late_September,Initial_Collection,WHOLE,1,2.32,7.68,1.93,5.2,1.39
10/4/2021 17:44,Late_September,Initial_Collection,WHOLE,1,2.25,7.7,2.01,5.14,1.4
10/4/2021 17:44,Late_September,Initial_Collection,WHOLE,1,2.31,7.63,1.76,5.33,1.42
10/4/2021 17:44,Late_September,Initial_Collection,WHOLE,1,2.21,7.6,1.79,5.34,1.44
10/4/2021 17:44,Late_September,Initial_Collection,WHOLE,1,2.34,7.5,1.52,5.53,1.47
10/4/2021 17:44,Late_September,Initial_Collection,WHOLE,1,2.33,7.44,1.25,5.8,1.5
10/4/2021 17:44,Late_September,Initial_Collection,WHOLE,1,2.32,7.42,1.23,5.85,1.5
10/4/2021 17:44,Late_September,Initial_Collection,WHOLE,1,2.2,7.45,1.35,5.79,1.51
10/4/2021 17:44,Late_September,Initial_Collection,WHOLE,1,2.18,7.41,1.3,5.88,1.51
10/4/2021 17:44,Late_September,Initial_Collection,WHOLE,1,2.16,7.29,1.03,6.16,1.53
10/4/2021 17:44,Late_September,Initial_Collection,WHOLE,1,2.17,7.11,0.78,6.39,1.54
10/4/2021 17:44,Late_September,Initial_Collection,WHOLE,1,2.22,7.05,0.76,6.45,1.52
10/4/2021 17:45,Late_September,Initial_Collection,WHOLE,1,2.25,6.79,0.43,6.76,1.55
10/4/2021 17:45,Late_September,Initial_Collection,WHOLE,1,2.3,6.47,0,7.15,1.58
10/4/2021 17:45,Late_September,Initial_Collection,WHOLE,1,1.96,6.36,0,7.3,1.61
10/4/2021 17:45,Late_September,Initial_Collection,WHOLE,1,1.88,6.31,0,7.32,1.63
10/4/2021 17:45,Late_September,Initial_Collection,WHOLE,1,1.92,6.36,0,7.25,1.62
10/4/2021 17:45,Late_September,Initial_Collection,WHOLE,1,1.89,6.42,0,7.22,1.63
10/4/2021 17:45,Late_September,Initial_Collection,WHOLE,1,1.89,6.52,0,7.21,1.63
10/4/2021 17:45,Late_September,Initial_Collection,WHOLE,1,2.08,6.73,0,7.07,1.62
10/4/2021 17:47,Late_September,Initial_Collection,WHOLE,2,1.98,8.16,4.91,3.38,1.29
10/4/2021 17:47,Late_September,Initial_Collection,WHOLE,2,2.42,7.61,4.09,4.14,1.31
10/4/2021 17:48,Late_September,Initial_Collection,WHOLE,2,2.78,7.34,3.82,4.44,1.28
10/4/2021 17:48,Late_September,Initial_Collection,WHOLE,2,2.89,7.7,4.52,3.8,1.22
10/4/2021 17:48,Late_September,Initial_Collection,WHOLE,2,2.78,8.09,5.08,3.31,1.19
10/4/2021 17:48,Late_September,Initial_Collection,WHOLE,2,2.94,8.52,5.47,2.85,1.14
10/4/2021 17:48,Late_September,Initial_Collection,WHOLE,2,2.94,8.88,5.88,2.35,1.11
10/4/2021 17:48,Late_September,Initial_Collection,WHOLE,2,3.04,8.84,5.35,2.7,1.17
10/4/2021 17:48,Late_September,Initial_Collection,WHOLE,2,3.09,8.68,4.76,3.22,1.22
10/4/2021 17:48,Late_September,Initial_Collection,WHOLE,2,2.99,8.55,4.28,3.67,1.28
10/4/2021 17:48,Late_September,Initial_Collection,WHOLE,2,2.92,8.73,4.13,3.74,1.32
10/4/2021 17:48,Late_September,Initial_Collection,WHOLE,2,2.65,9.08,4.54,3.35,1.34
10/4/2021 17:48,Late_September,Initial_Collection,WHOLE,2,2.79,8.71,3.85,4.01,1.38
10/4/2021 17:48,Late_September,Initial_Collection,WHOLE,2,2.94,8.43,3.26,4.57,1.4
10/4/2021 17:48,Late_September,Initial_Collection,WHOLE,2,2.65,8.51,3.48,4.46,1.42
10/4/2021 17:48,Late_September,Initial_Collection,WHOLE,2,2.31,8.98,4.3,3.76,1.39
10/4/2021 17:48,Late_September,Initial_Collection,WHOLE,2,2.18,9.22,4.73,3.33,1.37
10/4/2021 17:48,Late_September,Initial_Collection,WHOLE,2,2.26,9.12,4.58,3.47,1.37
10/4/2021 17:48,Late_September,Initial_Collection,WHOLE,2,2.44,8.73,3.92,4.11,1.39
10/4/2021 17:48,Late_September,Initial_Collection,WHOLE,2,2.55,8.59,3.61,4.34,1.39
10/4/2021 17:48,Late_September,Initial_Collection,WHOLE,2,2.62,8.39,3.23,4.64,1.41
10/4/2021 17:48,Late_September,Initial_Collection,WHOLE,2,2.8,8.09,2.62,5.13,1.44
10/4/2021 17:48,Late_September,Initial_Collection,WHOLE,2,2.85,7.91,2.4,5.28,1.46
10/4/2021 17:48,Late_September,Initial_Collection,WHOLE,2,2.87,7.78,2.42,5.24,1.45
10/4/2021 17:48,Late_September,Initial_Collection,WHOLE,2,2.84,7.62,2.3,5.36,1.47
10/4/2021 17:48,Late_September,Initial_Collection,WHOLE,2,2.79,7.56,2.22,5.46,1.47
10/4/2021 17:48,Late_September,Initial_Collection,WHOLE,2,2.72,7.35,1.93,5.79,1.49
10/4/2021 17:49,Late_September,Initial_Collection,WHOLE,2,2.57,7.34,2,5.79,1.5
10/4/2021 17:49,Late_September,Initial_Collection,WHOLE,2,2.59,7.09,1.72,6.09,1.51
10/4/2021 17:49,Late_September,Initial_Collection,WHOLE,2,2.67,6.85,1.33,6.41,1.54
10/4/2021 17:49,Late_September,Initial_Collection,WHOLE,2,2.77,6.67,1.09,6.64,1.54
10/4/2021 17:49,Late_September,Initial_Collection,WHOLE,2,3.02,6.61,0.84,6.7,1.54
10/4/2021 17:49,Late_September,Initial_Collection,WHOLE,2,3.12,6.6,0.75,6.75,1.53
10/4/2021 17:49,Late_September,Initial_Collection,WHOLE,2,3.03,6.61,0.89,6.62,1.52
10/4/2021 17:49,Late_September,Initial_Collection,WHOLE,2,2.9,6.68,1.24,6.36,1.51
10/4/2021 17:49,Late_September,Initial_Collection,WHOLE,2,2.99,6.63,1.05,6.49,1.51
10/4/2021 17:49,Late_September,Initial_Collection,WHOLE,2,2.95,6.67,1.16,6.35,1.51
10/4/2021 17:49,Late_September,Initial_Collection,WHOLE,2,2.88,6.75,1.25,6.28,1.52
10/4/2021 17:52,Late_September,Initial_Collection,SIEVED_200um,1,2.4,5.58,2.77,4.24,1.29
10/4/2021 17:52,Late_September,Initial_Collection,SIEVED_200um,1,2.37,5.95,3.19,3.81,1.26
10/4/2021 17:52,Late_September,Initial_Collection,SIEVED_200um,1,2.51,5.96,2.99,3.91,1.27
10/4/2021 17:52,Late_September,Initial_Collection,SIEVED_200um,1,2.74,5.76,2.5,4.28,1.27
10/4/2021 17:52,Late_September,Initial_Collection,SIEVED_200um,1,2.63,5.95,2.82,3.97,1.27
10/4/2021 17:52,Late_September,Initial_Collection,SIEVED_200um,1,2.27,6.49,3.74,3.17,1.25
10/4/2021 17:52,Late_September,Initial_Collection,SIEVED_200um,1,2.25,6.62,3.96,2.96,1.22
10/4/2021 17:52,Late_September,Initial_Collection,SIEVED_200um,1,2.5,6.25,3.23,3.58,1.24
10/4/2021 17:52,Late_September,Initial_Collection,SIEVED_200um,1,2.45,6.22,3.12,3.74,1.25
10/4/2021 17:52,Late_September,Initial_Collection,SIEVED_200um,1,2.29,6.35,3.54,3.4,1.25
10/4/2021 17:52,Late_September,Initial_Collection,SIEVED_200um,1,2.23,6.32,3.73,3.31,1.23
10/4/2021 17:52,Late_September,Initial_Collection,SIEVED_200um,1,2.29,6.3,3.77,3.26,1.22
10/4/2021 17:52,Late_September,Initial_Collection,SIEVED_200um,1,2.53,6.08,3.46,3.48,1.23
10/4/2021 17:52,Late_September,Initial_Collection,SIEVED_200um,1,2.66,5.87,3.1,3.76,1.24
10/4/2021 17:52,Late_September,Initial_Collection,SIEVED_200um,1,2.72,5.8,2.96,3.84,1.26
10/4/2021 17:52,Late_September,Initial_Collection,SIEVED_200um,1,2.69,5.65,2.75,4.1,1.28
10/4/2021 17:52,Late_September,Initial_Collection,SIEVED_200um,1,2.6,5.52,2.58,4.29,1.3
10/4/2021 17:53,Late_September,Initial_Collection,SIEVED_200um,1,2.68,5.31,2.22,4.65,1.32
10/4/2021 17:53,Late_September,Initial_Collection,SIEVED_200um,1,2.68,5.29,2.15,4.69,1.34
10/4/2021 17:53,Late_September,Initial_Collection,SIEVED_200um,1,2.73,5.3,2.16,4.68,1.33
10/4/2021 17:53,Late_September,Initial_Collection,SIEVED_200um,1,2.76,5.3,2.09,4.79,1.33
10/4/2021 17:53,Late_September,Initial_Collection,SIEVED_200um,1,2.74,5.31,2.07,4.81,1.34
10/4/2021 17:53,Late_September,Initial_Collection,SIEVED_200um,1,2.9,5.23,1.89,4.94,1.34
10/4/2021 17:53,Late_September,Initial_Collection,SIEVED_200um,1,2.9,5.21,1.87,4.93,1.34
10/4/2021 17:53,Late_September,Initial_Collection,SIEVED_200um,1,2.78,5.23,1.78,4.97,1.37
10/4/2021 17:53,Late_September,Initial_Collection,SIEVED_200um,1,2.78,5.21,1.77,4.98,1.36
10/4/2021 17:53,Late_September,Initial_Collection,SIEVED_200um,1,2.78,5.16,1.67,5.08,1.37
10/4/2021 17:53,Late_September,Initial_Collection,SIEVED_200um,1,2.79,5.12,1.55,5.15,1.39
10/4/2021 17:53,Late_September,Initial_Collection,SIEVED_200um,1,2.8,5.13,1.53,5.11,1.38
10/4/2021 17:53,Late_September,Initial_Collection,SIEVED_200um,1,2.94,5.12,1.59,5.01,1.37
10/4/2021 17:53,Late_September,Initial_Collection,SIEVED_200um,1,2.95,5.16,1.66,4.88,1.36
10/4/2021 17:53,Late_September,Initial_Collection,SIEVED_200um,1,3.02,5.18,1.78,4.79,1.34
10/4/2021 17:53,Late_September,Initial_Collection,SIEVED_200um,1,3,5.22,1.9,4.65,1.34
10/4/2021 17:53,Late_September,Initial_Collection,SIEVED_200um,1,3.1,5.22,1.99,4.54,1.32
10/4/2021 17:53,Late_September,Initial_Collection,SIEVED_200um,1,3.2,5.15,1.9,4.57,1.32
10/4/2021 17:53,Late_September,Initial_Collection,SIEVED_200um,1,3.13,5.06,1.84,4.66,1.33
10/4/2021 17:53,Late_September,Initial_Collection,SIEVED_200um,1,3.09,5.03,1.9,4.62,1.31
10/4/2021 17:53,Late_September,Initial_Collection,SIEVED_200um,1,3.05,4.96,1.8,4.76,1.32
10/4/2021 17:53,Late_September,Initial_Collection,SIEVED_200um,1,3.01,4.92,1.84,4.75,1.32
10/4/2021 17:56,Late_September,Initial_Collection,SIEVED_200um,2,2.7,7.64,2.61,4.71,1.33
10/4/2021 17:56,Late_September,Initial_Collection,SIEVED_200um,2,2.48,8.75,4.2,3.27,1.22
10/4/2021 17:56,Late_September,Initial_Collection,SIEVED_200um,2,2.29,9.55,5.48,2.15,1.14
10/4/2021 17:56,Late_September,Initial_Collection,SIEVED_200um,2,2.2,9.84,5.92,1.75,1.13
10/4/2021 17:56,Late_September,Initial_Collection,SIEVED_200um,2,2.41,9.37,4.94,2.66,1.21
10/4/2021 17:56,Late_September,Initial_Collection,SIEVED_200um,2,2.57,8.72,4.07,3.59,1.24
10/4/2021 17:56,Late_September,Initial_Collection,SIEVED_200um,2,2.62,8.24,3.59,4.05,1.3
10/4/2021 17:56,Late_September,Initial_Collection,SIEVED_200um,2,2.55,8.13,3.81,3.84,1.31
10/4/2021 17:56,Late_September,Initial_Collection,SIEVED_200um,2,2.51,8.13,3.94,3.67,1.32
10/4/2021 17:56,Late_September,Initial_Collection,SIEVED_200um,2,2.33,8.21,4.29,3.42,1.32
10/4/2021 17:56,Late_September,Initial_Collection,SIEVED_200um,2,2.09,8.3,4.69,3.14,1.31
10/4/2021 17:56,Late_September,Initial_Collection,SIEVED_200um,2,1.99,8.34,4.97,2.9,1.3
10/4/2021 17:56,Late_September,Initial_Collection,SIEVED_200um,2,2.07,8.36,5.13,2.73,1.28
10/4/2021 17:56,Late_September,Initial_Collection,SIEVED_200um,2,2.06,8.33,5.21,2.6,1.27
10/4/2021 17:56,Late_September,Initial_Collection,SIEVED_200um,2,1.93,8.33,5.69,2.24,1.22
10/4/2021 17:56,Late_September,Initial_Collection,SIEVED_200um,2,2.22,8.08,5.33,2.49,1.21
10/4/2021 17:56,Late_September,Initial_Collection,SIEVED_200um,2,2.22,8.03,5.25,2.56,1.21
10/4/2021 17:57,Late_September,Initial_Collection,SIEVED_200um,2,2.53,7.91,4.9,2.74,1.21
10/4/2021 17:57,Late_September,Initial_Collection,SIEVED_200um,2,2.44,7.96,4.97,2.67,1.22
10/4/2021 17:57,Late_September,Initial_Collection,SIEVED_200um,2,2.68,7.58,4.3,3.24,1.24
10/4/2021 17:57,Late_September,Initial_Collection,SIEVED_200um,2,2.72,7.4,4.01,3.52,1.25
10/4/2021 17:57,Late_September,Initial_Collection,SIEVED_200um,2,3.01,7.19,3.53,3.83,1.27
10/4/2021 17:57,Late_September,Initial_Collection,SIEVED_200um,2,2.96,7.13,3.53,3.92,1.26
10/4/2021 17:57,Late_September,Initial_Collection,SIEVED_200um,2,3.11,7.15,3.49,3.87,1.25
10/4/2021 17:57,Late_September,Initial_Collection,SIEVED_200um,2,3,7.33,3.8,3.62,1.23
10/4/2021 17:57,Late_September,Initial_Collection,SIEVED_200um,2,2.99,7.51,4.07,3.34,1.2
10/4/2021 17:57,Late_September,Initial_Collection,SIEVED_200um,2,2.76,7.74,4.6,2.92,1.19
10/4/2021 17:57,Late_September,Initial_Collection,SIEVED_200um,2,2.72,7.95,4.96,2.6,1.14
10/4/2021 17:57,Late_September,Initial_Collection,SIEVED_200um,2,2.56,8.24,5.56,2.07,1.12
10/4/2021 17:57,Late_September,Initial_Collection,SIEVED_200um,2,2.64,8.34,5.68,1.95,1.08
10/4/2021 17:57,Late_September,Initial_Collection,SIEVED_200um,2,2.77,8.35,5.6,1.94,1.08
10/4/2021 17:57,Late_September,Initial_Collection,SIEVED_200um,2,2.73,8.36,5.63,1.91,1.08
10/4/2021 17:57,Late_September,Initial_Collection,SIEVED_200um,2,2.83,8.29,5.52,1.97,1.07
10/4/2021 17:57,Late_September,Initial_Collection,SIEVED_200um,2,2.97,8.26,5.49,1.95,1.06
10/4/2021 17:57,Late_September,Initial_Collection,SIEVED_200um,2,2.83,8.38,5.81,1.69,1.04
10/4/2021 17:57,Late_September,Initial_Collection,SIEVED_200um,2,2.76,8.37,5.75,1.73,1.06
10/4/2021 17:57,Late_September,Initial_Collection,SIEVED_200um,2,2.81,8.22,5.6,1.89,1.06
10/4/2021 17:57,Late_September,Initial_Collection,SIEVED_200um,2,2.78,8.21,5.44,1.95,1.09
10/4/2021 17:57,Late_September,Initial_Collection,SIEVED_200um,2,2.79,8.25,5.45,1.88,1.1
